train_loss,epoch,step
0.43977421522140503,1,49
0.22365014255046844,3,99
0.303611159324646,5,149
0.11733168363571167,7,199
0.13658598065376282,9,249
0.11964787542819977,11,299
0.20352081954479218,13,349
0.11307387799024582,15,399
0.07917683571577072,17,449
0.07073013484477997,19,499
