train_loss,epoch,step
0.4579716622829437,0,49
0.24764606356620789,1,99
0.3197548985481262,2,149
0.15362539887428284,3,199
0.1385693997144699,4,249
0.09419752657413483,5,299
0.08795450627803802,6,349
0.08861605823040009,7,399
